test_code,access_code,date,series,kind,subject,scope
T01,D70EUV,2026-10-10,Subject,Subject,Geography,"Earth structure; tectonics; rocks; landforms; earthquakes; volcanoes"
T02,A6VAZS,2026-10-20,Subject,Subject,Geography,"Atmosphere; climatology; monsoon; ocean currents; soils; biomes"
T03,1L8S66,2026-10-27,Subject,Subject,Geography,"India physiography; drainage; vegetation; resources; agriculture; population"
T04,H25JK7,2026-11-03,Subject,Subject,Polity,"Constitutional history; Preamble; FR/DPSP/FD; amendment; Basic Structure"
T05,8J48K5,2026-11-11,Subject,Subject,Polity,"President; PM/CoM; Parliament; State government; Judiciary; elections; local government"
T06,YTOF02,2026-11-19,Subject,Subject,Economy,"National income; inflation; money; banking; RBI; monetary policy; growth"
T07,R7NLVD,2026-12-08,Subject,Subject,Economy,"Fiscal policy; Budget; taxation; deficits; financial markets; BoP; trade"
T08,F5ELJM,2026-12-14,Subject,Subject,"Science & Technology","Basics; space; astronomy; materials; semiconductors; IT"
T09,5XY9DV,2026-12-20,Subject,Subject,Environment,"Ecology; ecosystem; cycles; biodiversity; species"
T10,F3O11A,2026-12-25,Subject,Subject,Environment,"Climate change; pollution; waste; EIA; environmental laws; institutions"
T15,OFU7BK,2026-12-31,Subject,Subject,History,"Ancient; Medieval; Modern; freedom struggle; chronology"
T16,W4WE71,2027-01-04,Subject,Subject,"Art & Culture","Architecture; sculpture; painting; music; dance; religion; heritage"
T17,6A2P64,2027-01-09,Subject,Subject,Agriculture,"Crops; irrigation; soils; MSP; PDS; agri-marketing; allied sectors"
T11,S2NX41,2027-01-13,Subject,Subject,"Science & Technology","Biotech; health; defence technology; AI/robotics; S&T missions"
T12,G4RK92,2027-01-18,Subject,Subject,Geography,"Economic geography; resource geopolitics; disaster management; mapping"
T13,P3VW58,2027-01-23,Subject,Subject,Polity,"Governance; RTI; e-governance; civil services; NGOs; new bills"
T14,E3QF76,2027-01-28,Subject,Subject,Economy,"Reforms; industrial policy; infrastructure; disinvestment; Economic Survey"
T18,GABK1H,2027-02-01,Subject,Subject,"International Relations","Global groupings; institutions; treaties; conflicts; strategic regions; maritime zones; diplomacy; mapping"
T19,62VRO0,2027-02-05,Sectional,Sectional,"Geography + Environment","Physical processes; climate; ecology; biodiversity; mapping"
T20,M2VTR8,2027-02-11,Sectional,Sectional,"Polity + Economy","Constitution; institutions; fiscal/monetary policy; governance"
T22,ZZWHVQ,2027-02-14,Sectional,Sectional,"History + Art & Culture","Ancient-Modern; culture; heritage; chronology"
T24,20SWQ2,2027-02-18,Sectional,Sectional,"Science & Technology + Environment","Biotech; space; AI; climate technology; pollution"
T26,2A4283,2027-02-23,Sectional,Sectional,"Economy + Agriculture","Macro; markets; farm sector; food security; schemes"
T28,DXWYDH,2027-02-27,Sectional,Sectional,"Polity + International Relations","Institutions; elections; groupings; treaties; strategic issues"
T30,P568J0,2027-03-04,Sectional,Sectional,"Geography + Economy","Resources; industry; transport; population; maps; markets"
D01,FBFXO9,2027-03-07,Special,Special,"Budget + Economic Survey + President's Address","Union Budget 2027-28; Economic Survey 2026-27; President's Address; major national/international events"
T31,F48WSK,2027-03-11,Sectional,Sectional,"Environment + Agriculture","Ecology; conservation; climate; sustainable agriculture"
T34,NNU05Q,2027-03-15,Sectional,Sectional,"History + Geography","Historical places; maps; historical geography; cultural regions"
T37,1Q8Q5H,2027-03-19,Sectional,Sectional,"Science & Technology + IR + Internal Security","Cyber; defence; space; telecom; strategic technology"
T40,U8NYYA,2027-03-23,Sectional,Sectional,"Economy + Polity + Governance","Regulation; fiscal design; welfare; rights; institutions"
T42,5J4P5B,2027-03-26,Sectional,Sectional,"High-Recurrence Integrated","IT; agriculture; environmental treaties; Parliament; climate; markets; space"
T21,BR4PU8,2027-03-30,FLT-01,Full-length,"Complete GS-I","Full GS-I; balanced baseline simulation; static fundamentals + current linkage"
T23,PL7GOU,2027-04-02,FLT-02,Full-length,"Complete GS-I","Full GS-I; current-linked static application"
T25,39KRGR,2027-04-04,FLT-03,Full-length,"Complete GS-I","Full GS-I; multi-statement basic"
T27,N14E0Z,2027-04-07,FLT-04,Full-length,"Complete GS-I","Full GS-I; Geography-Environment integration"
T29,BFCNKF,2027-04-09,FLT-05,Full-length,"Complete GS-I","Full GS-I; Economy + financial markets emphasis"
T32,E2A36W,2027-04-13,FLT-06,Full-length,"Complete GS-I","Full GS-I; Polity + Governance emphasis"
T33,K1DF7S,2027-04-17,FLT-07,Full-length,"Complete GS-I","Full GS-I; History + Culture emphasis"
T35,1UXMAI,2027-04-21,FLT-08,Full-length,"Complete GS-I","Full GS-I; S&T + Space + Biotechnology emphasis"
T36,H9XQO1,2027-04-24,FLT-09,Full-length,"Complete GS-I","Full GS-I; IR + Security + Mapping emphasis"
T38,GZVDCT,2027-04-26,FLT-10,Full-length,"Complete GS-I","Full GS-I; balanced static-current revision"
T39,CNB39Q,2027-04-28,FLT-11,Full-length,"Complete GS-I","Full GS-I; elimination-heavy"
T41,2GNR1G,2027-04-30,FLT-12,Full-length,"Complete GS-I","Full GS-I; negative stem + matching"
T43,CAISGB,2027-05-03,FLT-13,Full-length,"Complete GS-I","Full GS-I; relationship/inference + count/how-many"
T44,WVTTQC,2027-05-05,FLT-14,Full-length,"Complete GS-I","Full GS-I; high-recurrence integrated final simulation"
T45,P6MS86,2027-05-07,FLT-15,Full-length,"Complete GS-I","Full GS-I; final scored simulation; close-option + OMR discipline"
